fecha;temp_max_C;temp_min_C;temp_media_C;precipitacion_mm;intensidad_max_mm_h;racha_max_km_h;viento_medio_km_h;dir_racha_decenas_grado;humedad_media_pct;presion_max_hPa;presion_min_hPa;horas_sol;provisional
2025-09-15;31,5;21,2;26,4;0,0;0,0;29,9;11,9;13;69,0;1014,7;1011,5;11,4;no
2025-09-16;31,3;21,4;26,4;0,0;0,0;29,9;13,0;13;71,0;1016,6;1013,5;8,2;no
2025-09-17;31,4;20,7;26,0;0,0;0,0;29,2;11,2;14;71,0;1015,9;1013,8;11,5;no
2025-09-18;30,7;19,9;25,3;0,0;0,0;28,1;11,2;05;70,0;1017,1;1015,0;10,7;no
2025-09-19;30,1;22,1;26,1;0,0;0,0;29,9;11,9;99;70,0;1017,7;1015,2;4,9;no
2025-09-20;31,0;20,1;25,6;0,0;0,0;28,1;9,0;99;66,0;1015,9;1008,9;9,4;no
2025-09-21;31,3;22,2;26,8;0,0;0,0;34,9;6,8;05;60,0;1008,9;1001,5;4,4;no
2025-09-22;27,2;17,4;22,3;0,0;0,0;34,9;14,0;99;39,0;1009,6;1005,3;11,6;no
2025-09-23;27,2;15,7;21,4;0,0;0,0;46,1;15,1;07;45,0;1012,2;1008,4;10,6;no
2025-09-24;25,6;15,4;20,5;0,0;0,0;38,9;19,1;99;45,0;1013,3;1010,3;8,8;no
2025-09-25;25,6;15,8;20,7;0,0;0,0;46,1;14,0;12;53,0;1012,7;1009,4;8,9;no
2025-09-26;28,1;15,2;21,6;0,0;0,0;33,1;11,9;99;63,0;1012,2;1008,8;11,2;no
2025-09-27;29,1;15,7;22,4;0,0;0,0;33,1;14,0;02;67,0;1012,2;1008,5;9,9;no
2025-09-28;27,9;15,6;21,8;63,0;169,8;78,1;15,1;36;67,0;1010,0;1005,0;8,7;no
2025-09-29;20,6;16,7;18,6;62,6;19,2;45,0;15,8;03;84,0;1011,4;1006,6;0,0;no
2025-09-30;24,2;17,0;20,6;6,5;18,6;34,9;7,9;01;83,0;1014,1;1010,4;3,6;no
2025-10-01;26,9;15,0;21,0;0,0;0,0;28,1;11,9;99;72,0;1014,4;1011,5;11,1;no
2025-10-02;27,6;17,6;22,6;0,0;0,0;25,9;7,9;11;70,0;1015,1;1012,0;9,6;no
2025-10-03;27,3;16,7;22,0;0,0;0,0;24,1;6,8;10;75,0;1014,6;1011,6;10,1;no
2025-10-04;30,8;16,2;23,5;0,0;0,0;37,1;10,1;03;68,0;1012,9;1008,1;10,7;no
2025-10-05;24,5;17,1;20,8;0,3;0,0;33,1;13,0;99;67,0;1016,6;1008,6;7,3;no
2025-10-06;23,2;17,7;20,4;0,0;0,6;25,9;11,2;06;75,0;1019,0;1015,8;2,0;no
2025-10-07;27,1;15,3;21,2;0,0;0,0;29,9;9,0;04;73,0;1016,4;1012,9;9,9;no
2025-10-08;26,6;16,2;21,4;9,4;0,0;28,1;10,1;99;77,0;1013,8;1010,9;8,3;no
2025-10-09;22,6;17,1;19,8;21,7;12,6;38,2;6,8;34;81,0;1015,4;1011,1;1,1;no
2025-10-10;20,1;16,9;18,5;53,0;10,2;25,9;11,9;99;90,0;1018,0;1014,7;0,3;no
2025-10-11;21,1;16,5;18,8;57,3;84,0;42,1;16,9;99;90,0;1016,8;1014,4;1,0;no
2025-10-12;24,5;17,7;21,1;0,0;9,6;32,0;7,9;99;79,0;1015,3;1012,1;3,1;no
2025-10-13;21,5;17,7;19,6;16,1;1,8;29,9;7,9;06;81,0;1012,5;1009,2;0,1;no
2025-10-14;24,9;16,5;20,7;0,0;24,0;33,1;6,1;25;78,0;1012,2;1009,5;9,5;no
2025-10-15;24,9;17,1;21,0;0,0;0,0;25,9;9,0;99;78,0;1012,7;1010,6;6,9;no
2025-10-16;24,6;15,2;19,9;0,1;0,6;25,9;6,8;13;79,0;1011,9;1009,2;8,1;no
2025-10-17;25,2;15,3;20,2;0,0;-0,3;28,1;11,2;99;70,0;1011,7;1008,8;8,7;no
2025-10-18;24,9;12,3;18,6;0,0;0,0;24,1;7,9;14;74,0;1013,5;1011,4;10,6;no
2025-10-19;24,9;14,1;19,5;0,0;0,0;28,1;6,8;15;75,0;1013,0;1005,8;8,3;no
2025-10-20;27,1;15,5;21,3;0,0;0,0;42,1;19,1;25;52,0;1005,8;1000,2;5,3;no
2025-10-21;25,6;18,6;22,1;0,0;0,0;51,8;25,9;26;59,0;1004,3;1002,2;7,2;no
2025-10-22;27,1;19,7;23,4;0,0;0,0;60,8;23,0;26;55,0;1006,3;1002,9;8,7;no
2025-10-23;29,7;18,7;24,2;0,0;0,0;65,2;29,9;25;45,0;1008,2;1003,3;8,9;no
2025-10-24;28,7;16,2;22,4;0,0;0,0;34,9;9,0;32;64,0;1010,0;1006,5;6,1;no
2025-10-25;29,6;17,2;23,4;0,0;0,0;41,0;13,0;04;62,0;1006,8;1002,6;9,7;no
2025-10-26;20,7;11,0;15,8;4,3;5,4;45,0;9,0;34;84,0;1013,8;1005,7;1,3;no
2025-10-27;24,5;8,5;16,5;0,0;-0,3;20,9;7,9;99;65,0;1015,5;1011,5;10,5;no
2025-10-28;23,5;9,1;16,3;1,5;0,0;20,9;5,0;99;63,0;1013,4;1007,1;10,1;no
2025-10-29;24,4;14,1;19,2;4,2;7,2;32,0;6,1;26;72,0;1007,1;999,5;5,5;no
2025-10-30;25,4;13,2;19,3;0,0;0,6;34,9;13,0;99;66,0;1007,9;1002,1;10,1;no
2025-10-31;24,0;14,4;19,2;0,0;0,0;41,0;16,9;99;66,0;1010,0;1007,5;5,4;no
2025-11-01;24,7;13,9;19,3;0,0;0,0;38,9;16,9;27;56,0;1011,8;1009,4;8,0;no
2025-11-02;26,2;13,2;19,7;0,0;0,0;33,1;15,1;99;59,0;1016,2;1009,7;6,9;no
2025-11-03;22,7;11,0;16,8;0,0;0,0;22,0;10,1;14;56,0;1018,5;1015,7;9,9;no
2025-11-04;22,7;9,7;16,2;0,0;0,0;22,0;4,0;12;74,0;1017,1;1013,7;10,0;no
2025-11-05;21,9;12,8;17,4;1,1;5,4;41,0;7,9;08;80,0;1014,3;1004,8;4,5;no
2025-11-06;20,7;14,2;17,4;0,0;-0,3;55,1;32,0;26;50,0;1007,3;1002,5;9,4;no
2025-11-07;22,2;11,3;16,8;0,9;2,4;45,0;14,0;29;54,0;1008,2;1004,2;7,7;no
2025-11-08;20,7;11,3;16,0;0,0;0,6;58,0;24,8;34;51,0;1012,4;1003,4;8,6;no
2025-11-09;21,2;8,3;14,8;0,0;0,0;24,1;6,8;18;59,0;1013,6;1010,9;9,5;no
2025-11-10;23,1;6,8;15,0;0,0;0,0;28,1;6,1;22;59,0;1011,1;1007,4;8,9;no
2025-11-11;21,9;8,1;15,0;0,0;0,0;16,9;4,0;99;67,0;1011,3;1008,2;8,4;no
2025-11-12;20,6;9,3;15,0;0,0;0,0;25,9;10,1;10;77,0;1011,1;1008,3;4,1;no
2025-11-13;22,2;14,0;18,1;0,0;0,0;29,9;9,0;99;79,0;1010,3;1003,7;1,9;no
2025-11-14;23,5;15,3;19,4;0,0;0,0;42,1;11,9;25;67,0;1005,5;1000,4;5,0;no
2025-11-15;21,7;13,3;17,5;0,5;2,4;25,9;10,1;29;65,0;1006,9;1002,0;4,3;no
2025-11-16;21,0;11,8;16,4;0,0;0,0;41,0;14,0;27;62,0;1005,3;1001,2;6,0;no
2025-11-17;21,2;10,1;15,6;2,1;6,6;41,0;13,0;02;66,0;1007,9;1004,0;7,1;no
2025-11-18;20,1;8,3;14,2;0,0;-0,3;24,1;6,1;14;70,0;1010,5;1007,4;9,6;no
2025-11-19;19,7;7,4;13,6;0,0;0,0;45,0;18,0;26;59,0;1009,7;1004,7;8,6;no
2025-11-20;17,4;6,3;11,8;0,0;0,0;33,1;14,0;99;48,0;1010,5;1006,5;8,2;no
2025-11-21;14,3;3,8;9,0;0,0;0,0;51,8;20,2;31;41,0;1020,3;1009,8;9,2;no
2025-11-22;16,0;5,6;10,8;0,0;0,0;50,0;11,2;30;37,0;1020,2;1016,7;9,4;no
2025-11-23;20,7;5,3;13,0;0,0;0,0;38,9;19,1;99;42,0;1017,2;1010,6;8,6;no
2025-11-24;17,6;13,3;15,4;0,0;0,0;68,0;41,0;25;57,0;1010,7;1001,1;3,1;no
2025-11-25;19,2;10,7;15,0;0,0;-0,3;58,0;18,0;33;40,0;1011,1;1001,1;7,6;no
2025-11-26;16,4;8,1;12,2;0,0;0,0;70,9;38,9;33;33,0;1014,1;1010,1;9,4;no
2025-11-27;17,2;1,9;9,6;0,0;0,0;38,9;7,9;34;42,0;1015,5;1012,1;9,4;no
2025-11-28;18,2;2,7;10,4;0,0;0,0;18,0;6,1;99;61,0;1015,2;1011,8;9,4;no
2025-11-29;21,0;3,2;12,1;0,0;0,0;32,0;9,0;99;60,0;1012,4;1005,0;8,8;no
2025-11-30;17,2;8,3;12,8;0,4;0,0;24,1;7,9;99;61,0;1012,4;1004,4;5,4;no
2025-12-01;14,9;6,6;10,8;0,0;1,2;24,1;6,8;32;78,0;1014,1;1009,7;0,0;no
2025-12-02;18,4;6,0;12,2;0,0;-0,3;50,0;15,8;26;60,0;1009,7;1004,8;4,3;no
2025-12-03;17,2;4,6;10,9;0,0;0,0;41,0;7,9;32;56,0;1011,4;1004,0;8,6;no
2025-12-04;16,4;8,8;12,6;0,0;0,0;55,1;18,0;26;59,0;1010,7;1005,0;0,6;no
2025-12-05;18,9;12,0;15,4;0,0;0,0;45,0;24,1;27;48,0;1012,1;1005,8;3,8;no
2025-12-06;22,7;14,1;18,4;0,0;0,0;47,9;19,1;26;56,0;1014,1;1010,9;8,3;no
2025-12-07;23,2;9,3;16,2;0,0;0,0;32,0;13,0;26;64,0;1014,3;1011,1;8,5;no
2025-12-08;21,1;6,6;13,8;0,0;0,0;16,9;6,8;99;73,0;1016,1;1012,9;9,2;no
2025-12-09;20,9;5,8;13,4;0,0;0,0;24,1;6,8;99;69,0;1014,7;1012,4;6,7;no
2025-12-10;17,9;6,5;12,2;0,0;0,0;18,0;10,1;99;80,0;1017,4;1012,5;4,7;no
2025-12-11;17,9;7,8;12,8;0,0;0,0;18,0;6,1;99;76,0;1017,8;1014,2;2,9;no
2025-12-12;16,4;7,3;11,8;0,2;0,6;32,0;6,8;04;80,0;1015,2;1012,2;2,1;no
2025-12-13;16,6;12,9;14,8;0,2;0,6;45,0;15,8;05;76,0;1018,9;1015,1;0,4;no
2025-12-14;13,1;11,0;12,0;9,7;5,4;18,0;6,8;99;89,0;1018,1;1011,8;0,0;no
2025-12-15;16,0;9,0;12,5;3,3;8,4;25,9;10,1;30;83,0;1012,0;1002,2;1,0;no
2025-12-16;12,8;7,0;9,9;44,5;31,8;33,1;9,0;30;94,0;1006,9;999,8;0,0;no
2025-12-17;15,8;10,3;13,0;3,3;4,2;33,1;10,1;03;87,0;1017,7;1006,9;0,6;no
2025-12-18;17,9;8,0;13,0;0,0;3,0;22,0;6,1;99;83,0;1018,5;1015,2;7,1;no
2025-12-19;15,5;5,6;10,6;0,0;-0,3;16,9;5,0;30;84,0;1015,2;1010,8;4,1;no
2025-12-20;17,7;6,9;12,3;0,0;0,0;16,9;5,0;99;76,0;1010,8;1004,0;7,6;no
2025-12-21;14,4;8,2;11,3;0,0;0,0;51,8;19,1;26;64,0;1004,0;996,6;1,9;no
2025-12-22;13,0;5,1;9,0;0,0;0,0;47,9;20,9;29;54,0;1003,0;996,4;7,8;no
2025-12-23;16,4;4,6;10,5;0,0;0,0;45,0;20,9;29;55,0;1002,4;997,1;8,8;no
2025-12-24;16,2;4,8;10,5;0,0;0,0;25,9;6,8;30;61,0;1002,5;998,9;7,5;no
2025-12-25;;;;5,9;2,4;;;;;;;0,6;no
2025-12-26;14,5;8,6;11,6;2,9;4,2;22,0;7,9;31;79,0;1008,9;1002,0;2,4;no
2025-12-27;14,1;9,7;11,9;1,1;1,8;24,1;10,1;07;87,0;1010,4;1008,0;1,0;no
2025-12-28;14,5;7,0;10,8;93,1;42,6;46,1;16,9;29;92,0;1012,7;1008,8;1,3;no
2025-12-29;14,6;6,7;10,6;0,0;0,6;29,9;4,0;99;80,0;1013,7;1010,7;1,9;no
2025-12-30;18,7;5,4;12,0;0,0;-0,3;16,9;5,0;99;70,0;1012,8;1009,2;9,1;no
2025-12-31;14,1;2,5;8,3;0,0;0,0;16,9;6,1;06;75,0;1014,4;1010,4;8,0;no
2026-01-01;14,3;2,7;8,5;0,0;0,0;15,1;5,0;99;79,0;1013,7;1007,0;6,1;no
2026-01-02;15,0;8,3;11,6;0,0;0,0;24,1;6,1;26;79,0;1007,1;1000,6;0,8;no
2026-01-03;15,4;8,1;11,8;0,2;0,0;33,1;11,2;04;85,0;1000,6;997,2;1,6;no
2026-01-04;12,5;9,1;10,8;9,4;3,6;38,9;15,8;03;91,0;1000,5;996,4;0,0;no
2026-01-05;9,1;5,0;7,0;2,2;4,2;33,1;7,9;34;83,0;1004,5;999,9;0,0;no
2026-01-06;11,5;-0,4;5,6;0,0;0,0;47,9;13,0;33;57,0;1011,5;1004,0;7,0;no
2026-01-07;13,5;-0,5;6,5;0,0;0,0;41,0;20,9;28;53,0;1017,6;1011,4;9,2;no
2026-01-08;14,1;7,0;10,6;0,0;0,0;59,0;25,9;23;57,0;1019,8;1015,7;7,7;no
2026-01-09;18,6;9,8;14,2;0,0;0,0;63,0;24,8;99;56,0;1015,9;1008,6;8,4;no
2026-01-10;16,9;5,1;11,0;0,0;0,0;42,1;20,2;99;50,0;1017,8;1013,6;8,5;no
2026-01-11;17,9;2,3;10,1;0,0;0,0;24,1;11,9;26;60,0;1018,6;1015,5;9,4;no
2026-01-12;18,4;3,7;11,0;0,0;0,0;20,9;6,8;99;73,0;1017,1;1011,9;8,8;no
2026-01-13;16,4;3,3;9,8;0,0;-0,3;16,9;4,0;11;81,0;1011,9;1008,0;7,5;no
2026-01-14;19,2;3,2;11,2;0,0;0,0;29,9;9,0;24;69,0;1012,8;1009,7;7,5;no
2026-01-15;18,4;3,9;11,2;0,0;0,0;37,1;11,9;99;64,0;1012,5;1008,5;9,2;no
2026-01-16;15,9;6,9;11,4;0,0;-0,3;22,0;7,9;99;76,0;1009,4;1003,9;0,8;no
2026-01-17;13,1;6,5;9,8;0,0;-0,3;22,0;11,2;99;77,0;1003,9;999,9;0,4;no
2026-01-18;14,8;2,2;8,5;0,2;-0,3;28,1;7,9;06;77,0;1006,6;1001,5;7,5;no
2026-01-19;15,5;6,4;11,0;0,4;0,6;22,0;6,8;99;72,0;1007,1;1005,7;2,9;no
2026-01-20;15,9;8,1;12,0;12,5;7,8;28,1;7,9;31;66,0;1006,2;1003,8;3,1;no
2026-01-21;13,9;8,2;11,0;0,1;0,6;34,9;15,8;99;73,0;1005,8;990,2;2,7;no
2026-01-22;16,7;9,5;13,1;0,0;0,0;55,1;24,1;27;50,0;997,1;989,2;9,0;no
2026-01-23;17,0;8,7;12,8;0,0;0,0;51,8;16,9;25;55,0;995,6;990,1;7,8;no
2026-01-24;12,3;7,7;10,0;0,0;-0,3;82,1;33,1;29;48,0;1000,4;988,4;9,0;no
2026-01-25;18,0;8,5;13,2;0,0;0,0;78,1;29,9;28;51,0;1002,0;995,6;6,1;no
2026-01-26;18,1;8,5;13,3;0,0;0,0;59,0;11,2;99;51,0;1003,5;1000,0;1,9;no
2026-01-27;20,2;10,3;15,2;0,2;0,6;59,0;22,0;26;63,0;1000,2;989,6;2,7;no
2026-01-28;14,6;8,8;11,7;7,5;4,8;78,1;19,1;28;71,0;996,8;983,5;2,2;no
2026-01-29;22,1;9,3;15,7;0,6;3,0;65,2;13,0;24;75,0;999,0;992,7;3,8;no
2026-01-30;18,1;12,5;15,3;0,2;1,2;59,0;22,0;26;51,0;1003,4;994,1;9,3;no
2026-01-31;17,9;10,8;14,4;0,0;0,0;85,0;38,2;99;40,0;1008,9;993,6;9,6;no
2026-02-01;17,2;9,8;13,5;0,0;0,0;59,0;20,9;29;58,0;1008,4;999,6;1,3;no
2026-02-02;14,2;10,3;12,2;0,3;1,8;79,9;28,1;25;71,0;999,6;989,0;0,8;no
2026-02-03;16,7;8,1;12,4;1,7;0,0;60,8;18,0;29;57,0;997,8;993,3;3,3;no
2026-02-04;17,7;6,8;12,2;0,0;2,4;55,1;20,2;99;70,0;993,5;986,4;5,1;no
2026-02-05;25,5;11,2;18,4;0,2;0,6;110,9;33,1;25;69,0;992,2;981,0;8,2;no
2026-02-06;19,5;11,8;15,6;0,3;1,8;67,0;24,1;26;57,0;999,3;991,8;7,1;no
2026-02-07;15,9;8,1;12,0;0,0;0,0;54,0;20,2;27;53,0;1004,4;996,8;5,2;no
2026-02-08;18,7;7,7;13,2;1,4;0,0;58,0;33,8;29;47,0;1004,2;995,3;8,2;no
2026-02-09;20,0;9,7;14,8;0,0;3,0;58,0;19,1;28;64,0;1004,0;999,5;6,5;no
2026-02-10;23,7;16,7;20,2;0,0;0,0;79,9;24,8;99;61,0;1001,7;998,8;3,0;no
2026-02-11;23,4;18,9;21,2;0,0;0,0;105,1;24,8;26;53,0;1004,7;995,8;1,5;no
2026-02-12;20,6;13,9;17,2;0,0;0,0;68,0;36,0;25;43,0;1007,0;999,2;9,9;no
2026-02-13;19,2;9,8;14,5;1,2;4,2;87,1;29,2;28;58,0;1003,0;983,3;4,4;no
2026-02-14;18,7;12,3;15,5;0,0;0,0;101,9;40,0;31;33,0;1011,5;988,5;10,0;no
2026-02-15;19,2;10,3;14,8;0,0;0,0;85,0;29,9;29;36,0;1014,1;1010,4;3,9;no
2026-02-16;20,2;12,7;16,4;0,0;0,0;72,0;34,9;99;53,0;1013,9;1010,0;9,6;no
2026-02-17;24,4;14,1;19,2;0,0;0,0;54,0;28,1;26;51,0;1015,5;1011,4;10,0;no
2026-02-18;21,9;10,0;16,0;0,1;0,0;74,2;24,1;25;52,0;1011,9;1003,9;9,8;no
2026-02-19;20,0;11,0;15,5;0,0;0,6;68,0;20,9;29;33,0;1017,1;1003,6;10,6;no
2026-02-20;22,2;6,9;14,6;0,0;0,0;38,9;11,2;30;42,0;1021,7;1016,7;10,6;no
2026-02-21;19,6;3,9;11,8;0,0;0,0;28,1;7,9;06;62,0;1024,8;1021,3;10,6;no
2026-02-22;20,7;4,6;12,6;0,0;0,0;24,1;7,9;99;63,0;1023,4;1018,8;10,7;no
2026-02-23;23,7;5,5;14,6;0,0;0,0;25,9;6,8;06;59,0;1019,3;1016,1;10,6;no
2026-02-24;21,5;5,1;13,3;0,0;0,0;28,1;9,0;11;61,0;1016,4;1010,3;10,7;no
2026-02-25;16,2;5,1;10,6;0,0;0,0;32,0;15,1;08;79,0;1018,1;1010,4;8,3;no
2026-02-26;21,2;6,4;13,8;0,0;0,0;25,9;7,9;05;70,0;1021,3;1018,1;10,4;no
2026-02-27;17,5;4,4;11,0;0,0;0,0;25,9;9,0;05;77,0;1020,1;1014,4;7,3;no
2026-02-28;14,7;10,7;12,7;0,0;0,0;28,1;7,9;99;77,0;1019,1;1014,7;0,0;no
2026-03-01;16,7;8,6;12,6;0,0;0,0;25,9;6,8;02;75,0;1019,4;1015,5;2,1;no
2026-03-02;14,9;8,8;11,8;0,0;-0,3;32,0;11,2;02;78,0;1015,5;1010,4;0,0;no
2026-03-03;16,0;12,8;14,4;0,0;0,0;54,0;25,9;05;72,0;1012,7;1010,1;0,0;no
2026-03-04;16,2;13,8;15,0;4,0;2,4;51,8;24,8;04;82,0;1012,3;1007,5;0,0;no
2026-03-05;14,5;12,7;13,6;24,8;24,6;45,0;15,1;01;95,0;1009,2;1001,9;0,0;no
2026-03-06;16,2;11,5;13,8;10,0;7,2;;14,0;;85,0;1006,9;1001,9;1,3;no
2026-03-07;13,8;8,3;11,0;0,3;12,0;32,0;10,1;06;86,0;1014,2;1005,8;1,8;no
2026-03-08;15,9;6,8;11,4;0,0;-0,3;18,0;6,1;13;77,0;1015,4;1013,2;3,4;no
2026-03-09;18,2;8,0;13,1;0,0;0,0;32,0;14,0;11;80,0;1015,3;1010,3;7,0;no
2026-03-10;15,1;10,8;13,0;6,1;16,2;34,9;11,9;99;90,0;1016,0;1009,9;0,0;no
2026-03-11;18,5;9,8;14,2;0,0;0,0;24,1;7,9;13;72,0;1019,2;1015,5;7,6;no
2026-03-12;20,9;7,3;14,1;0,0;0,0;29,9;10,1;99;69,0;1019,7;1014,8;11,2;no
2026-03-13;23,1;8,3;15,7;0,0;0,0;33,1;11,9;04;67,0;1014,8;1004,0;11,3;no
2026-03-14;20,0;12,1;16,0;0,0;-0,3;45,0;16,9;99;55,0;1004,0;997,0;1,2;no
2026-03-15;19,7;7,5;13,6;0,0;0,0;88,9;33,1;34;35,0;1010,8;1001,9;11,5;no
2026-03-16;20,7;4,3;12,5;0,0;-0,3;29,9;10,1;13;49,0;1014,8;1010,7;11,6;no
2026-03-17;20,7;5,1;12,9;0,0;0,0;25,9;10,1;04;59,0;1012,4;1005,3;11,6;no
2026-03-18;19,2;4,9;12,0;0,0;0,0;34,9;10,1;04;74,0;1006,8;1000,5;10,1;no
2026-03-19;16,8;9,3;13,0;0,0;0,0;38,9;19,1;08;72,0;1010,0;1006,5;3,8;no
2026-03-20;16,1;8,0;12,0;3,0;0,0;34,9;16,9;07;72,0;1009,4;1006,7;3,4;no
2026-03-21;15,6;7,7;11,6;1,9;3,0;16,9;9,0;99;74,0;1006,8;1004,5;0,8;no
2026-03-22;19,2;4,4;11,8;0,0;-0,3;32,0;10,1;05;68,0;1005,5;1001,6;11,5;no
2026-03-23;17,7;5,4;11,6;0,1;0,6;46,1;13,0;05;79,0;1015,9;1003,9;6,9;no
2026-03-24;20,2;5,9;13,0;0,0;0,0;33,1;13,0;14;58,0;1017,5;1014,3;11,5;no
2026-03-25;23,7;6,1;14,9;0,0;0,0;59,0;7,9;06;53,0;1015,7;1006,9;11,7;no
2026-03-26;18,2;7,5;12,8;0,0;0,0;42,1;13,0;31;47,0;1010,6;1007,0;11,9;no
2026-03-27;18,9;4,6;11,8;0,0;0,0;33,1;15,1;12;56,0;1011,8;1007,2;11,7;no
2026-03-28;19,7;7,1;13,4;0,0;0,0;58,0;10,1;33;53,0;1014,4;1011,3;10,4;no
2026-03-29;17,2;9,8;13,5;0,0;0,0;79,9;31,0;31;22,0;1018,8;1012,5;10,8;no
2026-03-30;21,7;4,1;12,9;0,0;0,0;54,0;6,8;35;36,0;1020,5;1013,2;11,8;no
2026-03-31;24,6;9,8;17,2;0,0;0,0;47,9;14,0;34;43,0;1013,9;1010,4;12,2;no
2026-04-01;23,1;7,3;15,2;0,0;0,0;55,1;20,9;32;36,0;1013,4;1006,9;12,1;no
2026-04-02;23,4;13,6;18,5;0,0;0,0;58,0;14,0;32;36,0;1011,0;1005,3;7,9;no
2026-04-03;21,9;6,6;14,2;0,0;0,0;34,9;13,0;11;42,0;1016,2;1010,7;12,3;no
2026-04-04;24,4;6,9;15,6;0,0;0,0;29,9;10,1;13;45,0;1017,8;1014,6;12,3;no
2026-04-05;22,6;8,8;15,7;0,0;0,0;32,0;11,9;04;55,0;1018,8;1015,5;12,2;no
2026-04-06;21,6;9,2;15,4;0,0;0,0;32,0;11,2;06;49,0;1018,9;1015,4;12,0;no
2026-04-07;21,4;7,5;14,4;0,0;0,0;25,9;11,9;09;50,0;1016,1;1011,7;9,8;no
2026-04-08;20,7;10,6;15,6;0,0;0,0;28,1;10,1;99;68,0;1013,7;1011,4;10,0;no
2026-04-09;26,3;10,6;18,4;0,0;0,0;24,1;9,0;99;54,0;1013,6;1010,5;10,2;no
2026-04-10;28,2;11,7;20,0;0,0;0,0;32,0;9,0;07;35,0;1011,8;1007,4;10,0;no
2026-04-11;23,7;14,5;19,1;0,5;0,0;34,9;10,1;09;39,0;1007,4;1001,1;0,4;no
2026-04-12;19,2;11,3;15,2;11,5;5,4;34,9;11,2;05;81,0;1003,2;1001,0;0,0;no
2026-04-13;21,0;9,3;15,2;0,0;1,8;41,0;15,8;32;48,0;1009,5;1001,4;10,1;no
2026-04-14;22,1;8,3;15,2;0,0;0,0;34,9;15,8;99;42,0;1013,0;1009,1;12,3;no
2026-04-15;25,0;8,7;16,8;0,0;0,0;33,1;14,0;11;56,0;1014,1;1010,8;12,7;no
2026-04-16;25,0;10,2;17,6;0,0;0,0;29,9;13,0;99;56,0;1015,0;1011,6;12,5;no
2026-04-17;24,7;11,3;18,0;0,0;0,0;25,9;11,2;99;52,0;1013,0;1010,6;12,5;no
2026-04-18;25,9;11,7;18,8;0,0;0,0;29,9;14,0;07;62,0;1012,7;1010,4;12,0;no
2026-04-19;26,1;11,8;19,0;0,0;0,0;33,1;11,2;06;53,0;1012,3;1007,9;12,7;no
2026-04-20;26,7;12,5;19,6;0,0;0,0;33,1;13,0;05;54,0;1008,7;1003,7;11,7;no
2026-04-21;25,2;11,8;18,5;0,0;0,0;29,9;11,2;99;56,0;1005,3;1002,1;12,1;no
2026-04-22;28,0;12,2;20,1;0,0;0,0;32,0;15,1;99;52,0;1010,2;1003,1;10,5;no
2026-04-23;21,1;16,0;18,6;0,0;0,0;42,1;22,0;99;68,0;1012,9;1010,0;3,7;no
2026-04-24;22,1;15,3;18,7;0,0;0,0;33,1;10,1;09;66,0;1012,7;1010,3;3,2;no
2026-04-25;22,7;12,7;17,7;0,0;0,0;25,9;11,9;99;60,0;1011,9;1009,6;9,2;no
2026-04-26;23,9;10,0;17,0;0,0;0,0;28,1;11,9;99;59,0;1012,8;1010,4;11,8;no
2026-04-27;23,9;9,1;16,5;0,0;0,0;32,0;14,0;09;47,0;1012,6;1009,1;12,2;no
2026-04-28;23,7;10,3;17,0;0,0;0,0;34,9;14,0;05;45,0;1009,6;1002,7;7,9;no
2026-04-29;23,5;13,3;18,4;0,0;0,0;41,0;15,1;09;62,0;1007,6;1003,3;6,6;no
2026-04-30;24,7;14,3;19,5;1,0;0,0;33,1;11,2;04;68,0;1012,6;1007,3;12,0;no
2026-05-01;21,0;17,2;19,1;0,8;3,0;37,1;11,9;05;82,0;1016,1;1010,8;1,4;no
2026-05-02;21,7;18,0;19,8;0,0;0,0;28,1;13,0;99;77,0;1015,3;1009,9;0,4;no
2026-05-03;22,0;17,0;19,5;0,3;0,6;29,9;10,1;07;72,0;1010,0;1005,5;0,4;no
2026-05-04;23,6;16,2;19,9;0,0;0,0;34,9;11,9;11;72,0;1006,8;1002,4;5,6;no
2026-05-05;27,1;13,7;20,4;0,0;0,0;45,0;15,1;24;38,0;1005,6;1001,4;10,6;no
2026-05-06;22,6;12,3;17,4;0,0;0,0;33,1;13,0;99;55,0;1006,1;1003,5;9,5;no
2026-05-07;21,6;12,2;16,9;2,1;4,2;37,1;9,0;08;66,0;1006,9;1004,0;3,9;no
2026-05-08;22,0;10,8;16,4;0,1;-0,3;29,9;14,0;99;71,0;1007,4;1004,7;5,5;no
2026-05-09;19,7;15,0;17,4;18,9;7,8;22,0;11,2;99;83,0;1007,9;1003,6;2,4;no
2026-05-10;25,6;12,2;18,9;0,0;0,6;34,9;16,9;99;60,0;1007,7;1003,0;10,2;no
2026-05-11;27,0;14,7;20,8;0,0;0,0;45,0;20,9;99;39,0;1007,9;1005,3;13,8;no
2026-05-12;27,9;14,4;21,2;0,0;0,0;59,0;22,0;30;36,0;1008,5;1004,7;11,4;no
2026-05-13;27,8;14,8;21,3;0,0;0,0;38,9;19,1;99;46,0;1008,6;1005,0;11,3;no
2026-05-14;29,3;12,5;20,9;0,0;0,0;59,0;16,9;06;50,0;1006,3;996,0;11,9;no
2026-05-15;20,5;12,6;16,6;0,3;0,6;38,9;16,9;99;62,0;1006,3;996,5;3,6;no
2026-05-16;23,0;7,7;15,4;0,0;0,0;38,9;20,2;10;38,0;1009,4;1005,4;14,0;no
2026-05-17;23,5;10,5;17,0;1,6;1,8;33,1;11,2;99;60,0;1009,9;1007,6;10,1;no
2026-05-18;24,4;12,5;18,4;0,0;0,0;32,0;15,1;07;56,0;1011,2;1008,5;11,5;no
2026-05-19;29,7;14,7;22,2;0,0;0,0;50,0;18,0;29;49,0;1014,7;1010,4;13,4;no
2026-05-20;25,1;14,9;20,0;0,0;0,0;33,1;13,0;05;68,0;1018,8;1014,4;13,6;no
2026-05-21;29,4;14,3;21,8;0,0;0,0;28,1;11,9;99;47,0;1019,0;1016,4;14,0;no
2026-05-22;31,2;14,7;23,0;0,0;0,0;29,9;14,0;15;40,0;1018,6;1016,0;13,9;no
2026-05-23;30,4;15,2;22,8;0,0;0,0;28,1;11,2;10;39,0;1018,3;1016,6;14,0;no
2026-05-24;30,3;14,8;22,6;0,0;0,0;29,9;13,0;11;41,0;1019,8;1017,5;14,0;no
2026-05-25;29,2;14,3;21,8;0,0;0,0;33,1;11,9;07;39,0;1021,1;1019,1;14,1;no
2026-05-26;29,6;14,5;22,0;0,0;0,0;25,9;11,9;99;40,0;1020,8;1017,8;14,1;no
2026-05-27;30,6;14,7;22,6;0,0;0,0;29,9;13,0;11;38,0;1018,0;1012,5;13,9;no
2026-05-28;32,3;15,0;23,6;0,0;0,0;25,9;13,0;99;34,0;1013,7;1011,3;14,1;no
2026-05-29;36,3;17,4;26,8;0,0;0,0;34,9;15,1;99;25,0;1012,6;1010,0;13,6;no
2026-05-30;29,3;19,4;24,4;0,0;-0,3;42,1;15,1;07;59,0;1012,8;1009,7;8,4;no
2026-05-31;30,4;19,6;25,0;0,0;0,0;33,1;10,1;11;55,0;1012,1;1009,4;8,4;no
2026-06-01;28,8;18,9;23,8;0,0;0,0;33,1;15,8;99;64,0;1010,6;1006,4;12,9;no
2026-06-02;30,3;19,2;24,8;2,1;0,0;29,9;10,1;99;58,0;1009,0;1003,7;13,0;no
2026-06-03;27,5;20,5;24,0;0,0;5,4;34,9;13,0;99;68,0;1011,9;1007,5;9,7;no
2026-06-04;33,7;18,6;26,2;1,6;0,0;59,0;18,0;05;62,0;1007,5;998,5;13,5;no
2026-06-05;23,5;16,7;20,1;1,8;2,4;47,9;13,0;06;84,0;1010,6;1006,2;0,1;no
2026-06-06;28,5;19,1;23,8;0,0;0,0;32,0;13,0;99;68,0;1014,9;1009,4;9,5;no
2026-06-07;27,3;19,5;23,4;0,0;0,0;34,9;15,1;07;63,0;1016,5;1013,8;10,1;no
2026-06-08;28,4;18,2;23,3;0,0;0,0;34,9;11,2;13;56,0;1013,8;1008,6;13,8;no
2026-06-09;27,2;19,5;23,4;0,0;0,0;37,1;15,1;09;65,0;1011,4;1008,5;10,3;no
2026-06-10;26,1;19,2;22,6;0,0;0,0;34,9;13,0;05;63,0;1014,6;1009,6;2,4;no
2026-06-11;27,1;17,7;22,4;0,0;0,0;32,0;11,9;99;62,0;1017,7;1013,9;8,2;no
2026-06-12;28,7;17,9;23,3;0,0;0,0;38,9;14,0;99;47,0;1019,1;1016,6;14,2;no
2026-06-13;32,0;16,4;24,2;0,0;0,0;29,9;13,0;10;29,0;1017,0;1011,7;13,0;no
2026-06-14;31,9;17,7;24,8;0,0;0,0;34,9;13,0;10;33,0;1011,7;1005,5;13,5;no
2026-06-15;32,3;20,2;26,2;0,0;0,0;32,0;13,0;99;37,0;1008,6;1004,7;9,8;no
2026-06-16;32,3;18,0;25,2;0,0;0,0;29,9;14,0;99;42,0;1012,8;1008,2;14,0;no
2026-06-17;33,8;18,5;26,2;0,0;0,0;29,9;11,9;11;37,0;1013,0;1010,6;13,7;no
2026-06-18;29,2;18,6;23,9;0,0;0,0;32,0;10,1;02;53,0;1012,3;1009,1;8,3;no
2026-06-19;30,2;19,9;25,0;0,0;0,0;34,9;14,0;99;68,0;1010,6;1008,5;12,5;no
2026-06-20;31,2;21,9;26,6;0,0;-0,3;45,0;11,9;07;60,0;1015,0;1009,9;8,9;no
2026-06-21;33,4;20,7;27,0;0,0;0,0;32,0;10,1;10;40,0;1016,8;1014,0;12,3;no
2026-06-22;35,9;19,9;27,9;0,0;0,0;28,1;9,0;07;34,0;1015,8;1011,6;12,7;no
2026-06-23;36,0;20,4;28,2;0,0;0,0;33,1;13,0;12;31,0;1011,6;1008,0;13,1;no
2026-06-24;35,5;21,0;28,2;0,0;0,0;32,0;14,0;17;35,0;1009,6;1007,5;9,6;no
2026-06-25;34,3;20,6;27,4;0,0;0,0;34,9;15,1;99;44,0;1010,2;1007,6;13,4;no
2026-06-26;31,0;21,7;26,4;0,0;0,0;33,1;15,1;03;57,0;1011,4;1009,1;10,0;no
2026-06-27;32,5;24,2;28,4;0,0;0,0;32,0;11,2;03;62,0;1012,9;1010,3;11,6;no
2026-06-28;32,2;21,7;27,0;0,0;0,0;46,1;13,0;03;55,0;1013,2;1008,7;9,3;no
2026-06-29;33,9;21,9;27,9;0,0;0,0;33,1;14,0;06;44,0;1014,0;1011,8;13,6;no
2026-06-30;34,3;23,1;28,7;0,0;0,0;33,1;15,1;10;44,0;1013,3;1010,1;13,7;no
2026-07-01;32,7;23,2;28,0;0,0;0,0;41,0;19,1;09;57,0;1013,1;1010,0;13,6;no
2026-07-02;31,5;23,7;27,6;0,0;0,0;33,1;16,9;12;56,0;1014,1;1011,8;10,6;no
2026-07-03;34,9;20,4;27,6;0,0;0,0;37,1;15,1;99;44,0;1015,2;1012,6;14,1;no
2026-07-04;34,0;21,1;27,6;0,0;0,0;34,9;13,0;99;46,0;1016,6;1013,3;14,1;no
2026-07-05;35,1;22,2;28,6;0,0;0,0;32,0;11,2;99;37,0;1015,5;1012,0;13,9;no
2026-07-06;37,2;21,0;29,1;0,0;0,0;34,9;13,0;99;28,0;1012,7;1009,0;13,6;no
2026-07-07;39,6;21,6;30,6;0,0;0,0;32,0;11,9;99;28,0;1011,0;1008,1;10,2;no
2026-07-08;39,2;25,3;32,2;0,0;0,0;38,9;16,9;03;32,0;1009,8;1005,7;12,6;no
2026-07-09;35,5;22,5;29,0;0,0;0,0;34,9;11,9;05;52,0;1005,7;1001,2;12,1;no
2026-07-10;32,0;22,6;27,3;1,4;3,6;38,9;16,9;99;61,0;1004,7;1000,8;11,7;no
2026-07-11;31,5;22,1;26,8;0,0;0,0;34,9;14,0;09;62,0;1007,0;1003,7;9,9;no
2026-07-12;30,8;23,7;27,2;0,0;0,0;41,0;15,1;03;72,0;1007,1;1004,5;2,9;no
2026-07-13;33,8;24,2;29,0;0,0;0,0;29,9;7,9;13;64,0;1006,8;1004,3;9,9;no
2026-07-14;33,0;25,2;29,1;0,0;0,0;33,1;14,0;99;67,0;1009,8;1006,3;10,8;no
2026-07-15;38,8;25,1;32,0;0,0;0,0;51,8;14,0;01;57,0;1010,2;1005,2;7,4;no
2026-07-16;34,3;25,4;29,8;0,1;0,6;34,9;16,9;07;67,0;1009,3;1005,7;9,2;no
2026-07-17;33,0;24,2;28,6;0,0;0,0;33,1;13,0;99;68,0;1007,8;1004,9;11,0;no
2026-07-18;33,3;26,4;29,8;0,0;0,0;33,1;14,0;99;70,0;1008,3;1003,7;5,9;no
2026-07-19;33,0;26,2;29,6;0,0;-0,3;32,0;10,1;99;74,0;1007,2;1003,5;2,0;no
2026-07-20;34,4;24,7;29,6;0,0;0,0;29,9;10,1;99;71,0;1007,7;1004,5;6,4;no
2026-07-21;33,0;25,9;29,4;0,0;0,0;38,9;14,0;08;72,0;1010,3;1004,9;4,8;no
2026-07-22;33,5;26,1;29,8;0,0;0,0;32,0;13,0;99;68,0;1011,2;1008,2;7,5;no
2026-07-23;35,0;24,1;29,6;0,0;0,0;29,9;13,0;99;69,0;1008,7;1004,8;9,9;no
2026-07-24;34,0;27,1;30,6;0,0;0,0;32,0;11,9;99;69,0;1006,4;1002,0;10,2;no
2026-07-25;37,0;23,2;30,1;0,0;0,0;58,0;27,0;27;20,0;1004,5;1000,4;13,4;no
2026-07-26;31,7;23,0;27,4;0,0;0,0;34,9;15,8;12;44,0;1010,6;1004,5;11,3;no
2026-07-27;32,4;20,2;26,3;0,0;0,0;38,9;16,9;13;53,0;1011,6;1009,3;12,8;no
2026-07-28;32,7;22,7;27,7;0,0;0,0;33,1;15,1;13;58,0;1012,4;1009,9;12,6;no
2026-07-29;33,5;22,9;28,2;0,0;0,0;34,9;14,0;10;58,0;1012,9;1011,0;12,9;no
2026-07-30;33,1;21,7;27,4;0,0;0,0;33,1;15,1;06;58,0;1012,6;1008,8;12,8;no
2026-07-31;32,9;22,7;27,8;0,0;0,0;34,9;15,1;08;64,0;1010,4;1006,0;12,5;no
2026-08-01;33,2;24,7;29,0;1,3;3,6;29,9;10,1;99;72,0;1008,9;1004,4;4,7;no
2026-08-02;33,5;23,5;28,5;0,0;0,0;32,0;14,0;99;69,0;1005,3;1001,1;12,3;no
2026-08-03;33,8;25,1;29,4;0,0;0,0;42,1;14,0;09;72,0;1004,9;1001,6;6,9;no
2026-08-04;33,8;22,9;28,4;0,0;0,0;34,9;15,1;99;69,0;1009,0;1004,5;;no
2026-08-05;34,0;24,2;29,1;0,0;0,0;33,1;15,1;09;66,0;1010,9;1008,4;9,9;no
2026-08-06;33,6;25,2;29,4;0,0;0,0;34,9;14,0;07;64,0;1011,9;1009,2;8,9;no
2026-08-07;34,1;24,2;29,2;0,0;0,0;41,0;16,9;04;64,0;1011,6;1007,3;12,9;no
2026-08-08;34,5;23,9;29,2;0,0;0,0;34,9;15,1;99;59,0;1008,9;1005,6;13,0;no
2026-08-09;34,8;25,5;30,2;0,0;0,0;33,1;13,0;09;60,0;1009,1;1006,1;11,7;no
2026-08-10;33,7;25,1;29,4;0,0;0,0;37,1;15,8;03;68,0;1008,7;1006,0;5,0;no
2026-08-11;35,4;24,2;29,8;0,0;0,0;37,1;14,0;07;56,0;1010,7;1007,1;12,3;no
2026-08-12;34,6;24,1;29,4;0,0;0,0;34,9;11,9;05;61,0;1013,1;1009,5;11,8;no
2026-08-13;37,0;24,6;30,8;0,0;0,0;38,9;15,1;09;56,0;1013,3;1010,8;11,9;no
2026-08-14;37,0;24,4;30,7;0,0;0,0;41,0;11,9;06;47,0;1011,0;1006,0;9,6;no
2026-08-15;34,0;22,2;28,1;17,9;81,0;54,0;19,1;02;64,0;1010,0;1005,6;7,2;no
2026-08-16;32,9;21,5;27,2;0,0;0,0;29,9;11,2;13;63,0;1009,3;1006,7;11,6;no
2026-08-17;34,5;23,7;29,1;0,0;0,0;34,9;14,0;05;58,0;1009,9;1007,4;11,0;no
2026-08-18;35,0;22,5;28,8;0,0;0,0;;15,8;;53,0;1009,4;1005,4;12,6;no
2026-08-19;43,7;23,2;33,4;0,0;0,0;50,0;15,8;23;32,0;1007,0;1000,8;12,3;no
2026-08-20;37,3;21,1;29,2;5,3;12,0;59,0;11,9;19;60,0;1005,6;1002,4;3,1;no
2026-08-21;;;;0,0;0,0;37,1;13,0;11;63,0;1008,0;1003,3;6,8;no
2026-08-22;32,0;21,9;27,0;0,0;0,0;37,1;16,9;10;65,0;1009,1;1007,3;8,3;no
2026-08-23;32,0;24,2;28,1;0,0;0,0;33,1;14,0;99;68,0;1009,4;1006,8;7,5;no
2026-08-24;33,7;25,1;29,4;0,0;0,0;46,1;14,0;27;63,0;1007,6;1001,8;6,7;no
2026-08-25;37,4;24,4;30,9;0,0;0,0;42,1;14,0;30;40,0;1006,9;1003,2;12,8;no
2026-08-26;33,4;24,2;28,8;0,0;0,0;34,9;11,9;99;58,0;1006,7;1001,9;9,3;no
2026-08-27;36,7;22,2;29,4;0,0;0,0;38,9;15,1;24;43,0;1008,3;1002,5;10,4;no
2026-08-28;30,4;20,2;25,3;0,0;0,0;37,1;15,1;28;34,0;1012,2;1007,8;3,4;no
2026-08-29;31,5;17,1;24,3;0,0;0,0;34,9;10,1;08;41,0;1012,6;1009,3;12,8;no
2026-08-30;31,5;18,2;24,8;0,0;0,0;29,9;11,9;99;53,0;1010,6;1007,4;12,5;no
2026-08-31;30,9;19,9;25,4;0,0;0,0;41,0;16,9;99;63,0;1013,0;1009,0;11,6;no
2026-09-01;29,9;23,5;26,7;0,0;0,0;29,9;10,1;05;67,0;1013,5;1010,2;3,5;no
2026-09-02;31,4;21,6;26,5;0,0;0,0;29,9;11,2;09;69,0;1014,5;1011,4;11,0;no
2026-09-03;33,3;23,1;28,2;0,0;0,0;28,1;11,2;08;65,0;1015,6;1013,2;11,8;no
2026-09-04;34,0;22,4;28,2;0,0;0,0;32,0;10,1;06;63,0;1014,3;1011,1;11,6;no
2026-09-05;35,5;21,7;28,6;0,0;0,0;25,9;10,1;99;59,0;1014,6;1012,4;10,9;no
2026-09-06;38,4;20,1;29,2;0,0;0,0;29,9;11,9;99;37,0;1014,3;1012,2;9,9;no
2026-09-07;34,9;19,6;27,2;0,0;0,0;32,0;11,9;09;39,0;1014,6;1012,0;11,9;no
2026-09-08;37,5;19,7;28,6;0,0;0,0;29,9;15,1;99;44,0;1012,0;1002,3;10,7;no
2026-09-09;32,0;19,5;25,8;5,9;13,8;47,9;7,9;32;76,0;1008,9;1002,9;4,3;no
2026-09-10;27,8;18,7;23,2;0,0;0,0;38,9;16,9;11;59,0;1010,7;1007,1;10,6;no
2026-09-11;30,4;19,2;24,8;0,0;0,0;37,1;11,9;11;63,0;1014,4;1010,3;11,1;no
2026-09-12;29,4;20,2;24,8;0,0;0,0;29,9;11,9;99;57,0;1016,3;1013,7;10,9;no
2026-09-13;30,7;19,0;24,8;0,0;0,0;29,9;13,0;99;59,0;1017,3;1014,0;11,9;no
2026-09-14;33,5;17,4;25,4;0,0;0,0;29,9;11,2;99;46,0;1016,0;1013,0;12,0;no
2026-09-15;33,9;17,6;25,8;0,0;0,0;38,9;14,0;05;49,0;1013,8;1009,1;11,8;no
2026-09-16;29,4;17,7;23,6;71,9;82,2;72,0;20,9;32;61,0;1013,0;1007,3;5,3;no
2026-09-17;25,4;18,2;21,8;0,0;1,8;33,1;11,2;27;71,0;1011,6;1007,8;4,9;no
2026-09-18;25,7;18,5;22,1;0,0;0,0;32,0;10,1;07;64,0;1012,9;1008,4;6,4;no
2026-09-19;27,5;16,7;22,1;0,0;0,0;28,1;10,1;11;67,0;1017,2;1012,4;10,1;no
2026-09-20;29,9;17,2;23,6;0,0;0,0;28,1;6,8;10;63,0;1019,5;1016,8;11,7;no
2026-09-21;32,7;17,0;24,8;0,0;0,0;25,9;10,1;15;48,0;1019,1;1013,4;11,7;no
2026-09-24;30,3;17,9;;0,0;;29,5;;;;;;;sí
2026-09-25;34,7;17,7;;0,0;;29,5;;;;;;;sí
