emitida,fuente,fecha,antelacion,tmax,tmin,lluvia
2026-10-05,AEMET,2026-10-06,1,26.0,18.0,85.0
2026-10-05,AEMET,2026-10-07,2,28.0,18.0,35.0
2026-10-05,AEMET,2026-10-08,3,26.0,15.0,20.0
2026-10-05,AEMET,2026-10-09,4,22.0,13.0,15.0
2026-10-05,AEMET,2026-10-10,5,22.0,17.0,25.0
2026-10-05,AEMET,2026-10-11,6,23.0,15.0,25.0
2026-10-05,ECMWF,2026-10-06,1,26.2,17.3,0.8
2026-10-05,ECMWF,2026-10-07,2,26.9,17.5,0.1
2026-10-05,ECMWF,2026-10-08,3,25.3,14.3,0.0
2026-10-05,ECMWF,2026-10-09,4,21.7,12.5,0.0
2026-10-05,ECMWF,2026-10-10,5,21.3,16.6,0.1
2026-10-05,ECMWF,2026-10-11,6,23.0,14.7,0.0
2026-10-05,GFS,2026-10-06,1,27.3,19.8,3.4
2026-10-05,GFS,2026-10-07,2,28.9,19.3,0.0
2026-10-05,GFS,2026-10-08,3,25.1,19.1,0.0
2026-10-05,GFS,2026-10-09,4,22.1,16.9,0.0
2026-10-05,GFS,2026-10-10,5,23.2,19.7,0.0
2026-10-05,GFS,2026-10-11,6,23.4,17.7,0.0
2026-10-05,ICON,2026-10-06,1,26.5,19.8,0.3
2026-10-05,ICON,2026-10-07,2,28.6,20.0,0.0
2026-10-05,ICON,2026-10-08,3,27.1,17.8,0.0
2026-10-05,ICON,2026-10-09,4,22.4,16.1,0.0
2026-10-05,ICON,2026-10-10,5,23.2,14.5,0.0
2026-10-05,ICON,2026-10-11,6,24.9,12.6,0.0
2026-10-05,Météo-France,2026-10-06,1,26.0,20.6,1.7
2026-10-05,Météo-France,2026-10-07,2,25.2,18.0,12.2
2026-10-05,Météo-France,2026-10-08,3,24.8,15.8,0.0
